id,abstract_number,udc,language,country,abstract,real_id,content,comment,pages,bic,mac,ilc,tbc,source_name,volume,issue,key_words,authors,generation_date,publication_date,type,verified,create_time,verification_time,deponire_number,deponire_date,deponire_place,patent_number,appeletion_date,priore_date,patent_publication_date,patent_place,ipc,issn,isbn,rubrics,subjects
210,13.05-01В.263ДЕП,,русский,Россия,"Основные принципы теории потенциальной помехоустойчивости были сформулированы в 1946 г. академиком В. А.  Котельниковым. Теория помехоустойчивости В. А. Котельникова предполагает знание всех параметров принимаемых сигналов. Клодом Шенноном была предложена оптимизация по видам сигналов и методам кодирования. В случае неполноты априорных сведений о параметрах принимаемых сигналов невозможно построить устройства, оптимальные по Котельникову и Шеннону. Такая ситуация возникает, например, при приеме и обработке сигналов устройствами контроля за радиоизлучениями. В таких условиях может быть реализован только широкополосный неоптимальный некогерентный прием, при котором возможна оптимизация только по огибающей сигнала, однако, при требовании сохранения формы сигнала такая оптимизация невозможна. Типовой линейный приемник устройств контроля за радиоизлучениями работающих в условиях неполноты априорной информации, содержит набор фильтров, амплитудных детекторов (АД) и схему принятия решений (СПР). Задачей СПР является принятие решений о том, в каком из каналов присутствует сигнал. В случае неполной априорной информации о частотах сигналов, моментах начала и окончания элементов сигнала, при изменении ожидаемой длительности элементов сигнала в широких пределах (10<sup>3</sup> и более), повышение эффективности линейных алгоритмов приема сигналов практически невозможно. Выполнены расчет и анализ потенциальной помехоустойчивости разработанного алгоритма оптимизации путем машинного моделирования на ЭВМ с использованием пакета LABVIEW. Предложенный метод позволяет значительно повысить помехоустойчивость широкополосного приема без применения фильтрации по низкой частоте, предполагающей знание длительности элементов сигнала",2013-05 AB22 БД ВИНИТИ,,,24,6,,,,"ТИ ЮФУ. Таганрог. 2012, 24 с., ил.. Библ. 6. Рус.. Деп. в ВИНИТИ РАН 09.07.2012, N 296-В2012",,,"{ПО,помехоустойчивость}","{""Кравченко Д А"",""Плаксиенко В С""}",2013-05-01,,8,f,2018-11-17 10:47:07.069682,,296-В2012,2012-07-09,ТИ ЮФУ. Таганрог,,,,,,,,,"{50.41.25,502.41.25.11}","{""Автоматика и радиотехника""}"
1122,05.07-81.216ДЕП,,русский,Россия,"Преимущество оптической обработки данных перед цифровыми и другими аналоговыми методами обусловлено способностью оптических систем осуществлять параллельную обработку двумерных данных. Когерентно-оптические корреляционные схемы, построенные по принципу фильтрации, в задаче обнаружения малоразмерных объектов обладают высокой обнаружительной способностью и помехоустойчивостью. Однако корреляционные алгоритмы обнаружения чувствительны к различного рода декоррелирующим факторам, среди которых необходимо выделить геометрические искажения, различные виды изменчивости входных изображений и отличие реальной фоновой обстановки от ее статистических моделей, используемых при обосновании оптимальности корреляционных алгоритмов. В настоящее время влияние ракурсных и масштабных искажений на качество обнаружения хорошо исследовано. Вопросы влияния характеристик фона на достоверность обнаружения по корреляционному методу исследованы в меньшей степени. В настоящее время разрабатывается ряд новых направлений развития когерентно-оптических систем обнаружения и распознавания, нацеленных на решение проблем изменчивости изображений при сохранении преимуществ оптических методов обработки информации. В техн. справке приведен краткий обзор некоторых перспективных оптико-цифровых методов, использующих аппарат статистической теории распознавания (признаковых пространств), и необходимых для их реализации методов оптической предобработки изображений. В депонируемой рукописи показано, что оценка достоверности обнаружения и локализации объекта по отношению сигнал/шум для старшего максимума корреляционного поля становится некорректной при с/ш≤7÷8 ввиду высокой вероятности аномальных ошибок ложного обнаружения. Приведены соотношения для количественной оценки вероятности аномальных ошибок на основе априорных сведений об статистических свойствах реальных оптических сюжетов",2005-07 AB06 БД ВИНИТИ,,,10,23,,,,"Гос. НИИ авиац. систем. М.. 2003, 10 с.. Библ. 23. Рус.. Деп. в ВИНИТИ 23.12.2003, N 2234-В2003",,,"{""обработка изображений"",""Распознавание образов""}","{""Обносов Б В""}",2005-07-01,,8,f,2018-11-17 10:47:14.009204,,2234-В2003,2003-12-23,Гос. НИИ авиац. систем. М.,,,,,,,,,"{28.23.15,282.23.15.09}","{""Автоматика и радиотехника"",""Вычислительные науки""}"
1520,04.09-01А.209ДЕП,,русский,Россия,"Излагаются теор. основы логико-вероятностного подхода к определению уровня допустимости информационных рисков автоматизированной системы, описывается методика формализации характеристик угроз и уязвимостей информации для выявления их наиболее вероятных сочетаний в системе. Данная работа рассчитана на ученых и специалистов, интересующихся проблемами управления информационной безопасностью в автоматизированных системах",2004-09 AB01 БД ВИНИТИ,,,24,8,,,,"Петербург. гос. ун-т путей сообщ.. СПб. 2003, 24 с., ил.. Библ. 8. Рус.. Деп. в ВИНИТИ 27.11.2003, N 2061-В2003",,,"{""автоматизированные системы"",""Информационная безопасность""}","{""Корниенко А А"",""Котенко А Г"",""Яковлев В В""}",2004-09-01,,8,f,2018-11-17 10:47:17.848499,,2061-В2003,2003-11-27,Петербург. гос. ун-т путей сообщ.. СПб,,,,,,,,,"{50.09.45,501.09.45.11}","{""Автоматика и радиотехника""}"
1605,04.08-04В7.31ДЕП,,русский,Россия,"По литературным источникам хронологически приведены и систематизированы причины, вызывающие ускоренное отмирание дуба на всем ареале его существования. Также уделено внимание существующим гипотезам и теориям, объясняющим этот процесс. Имеющаяся информация и собственное исследование авторов позволяет сделать вывод, что первопричина ослабления дубравных биогеоценозов должна быть универсальна и специфична одновременно. Дано объяснение этих позиций. Названа причина критического периодически меняющегося состояния дубрав. Сложность рассматриваемого явления требует от исследователей дальнейших изысканий и поисков в данном вопросе",2004-08 BI06 БД ВИНИТИ,,,13,56,,,,"Воронеж. гос. лесотехн. акад. Воронеж. 2001, 13 с.. Библ. 56 назв. Рус.. Деп. в ВИНИТИ 31.10.01, N 2296-В2001",,,"{""деградация лесов"",""Дуб черешчатый"",причины}","{""Гарнага В.В"",""Царалунга В.В.В""}",2004-08-01,,8,f,2018-11-17 10:47:18.552384,,2296-В2001,0001-10-31,Воронеж. гос. лесотехн. акад. Воронеж,,,,,,,,,"{68.47.03,681.47.03.07.02}",{Биология}
1758,04.07-67А.109ДЕП,,русский,Россия,"Вопросы, касающиеся качества товаров и услуг, деятельности и процессов, возникли уже давно. Но с течением времени в результате развития рынка и общества подходы к решению этих проблем меняются, появляются новые методы и концепции. Сейчас проблема управления качеством очень актуальна и стоит довольно остро. Широкое развитие компьютерной техники, Интернета привело к развитию новых торговых взаимоотношений и способу размещения рекламной информации - через всемирную сеть Интернет. Возникает задача исследования и приспособления инструментов качества и привязки методик решения проблем к электронной среде. Будет развиваться направление объединения управления качеством с традиционными процедурами управления деятельностью и бизнесом. Этому может помочь развитие объединенных систем управления. Часто в управлении качеством критерии качества работы имеют и количественный и качественный характер, следовательно, необходимо использовать объединение субъективных суждений с числовыми данными. Общие теоретические модели позволяют обратиться к вероятностной информации (математическая теория вероятности и теория выборок). Встает проблема приспособления этих методологий к развивающимся моделям управления качеством. При исследовании проблем управления качеством необходимо учитывать условия, в которых работает предприятие, достижения современных наук, принципы системности и процессного подхода, опыт передовых предприятий, анализ деятельности в целом, а не отдельных аспектов обеспечения качества продукции. Теория и практика управления качеством имеет большой потенциал развития и требует особого гибкого подхода, позволяющего быстро приспосабливать созданную систему качества к изменяющимся внешним и внутренним условиям",2004-07 EK07 БД ВИНИТИ,,,4,,,,,"Чуваш. гос. ун-т. Чебоксары. 2004, 4 с.. Рус.. Деп. в ВИНИТИ 08.01.2004, N 23-В2004",,,"{""методы управления"",Россия,""системы управления"",""управление качеством"",""Управление предприятиями""}","{""Григорьева О Л""}",2004-07-01,,8,f,2018-11-17 10:47:19.798941,,23-В2004,2004-01-08,Чуваш. гос. ун-т. Чебоксары,,,,,,,,,"{82.15.05,821.15.05.05.09}","{""Экономика промышленности""}"
2013,03.08-29А.84ДЕП,,русский,Россия,"Статья посвящена анализу проблем, возникающих при теоретическом анализе систем радиосвязи, информационный поток в которых является разнородным (аналоговая телефония, данные, нагрузки Интернет и т. д.). Показаны трудности, возникающие при традиционном подходе к анализу прохождения информации, и излагается методика, позволяющая эти трудности обойти и повысить точность получаемых результатов. Показывается адекватность этой методики на примере классических моделей теории массового обслуживания и на примере системы массового обслуживания с произвольным потоком. Сравниваются результаты расчета и имитационного моделирования",2003-08 AB15 БД ВИНИТИ,,,36-42,,,,,"Техника звукового вещания и оповещения. Моск. техн. ун-т связи и информат.. М.. 2001, с. 36-42. Рус.. Деп. в ЦНТИ ""Информсвязь"" 22.05.2001, N 2200-св2001",,,"{""неэкспоненциальный поток вызовов"",""Системы массового обслуживания""}","{""Богданов А В""}",2003-08-01,,3,f,2018-11-17 10:47:22.022993,,2200-св2001,2001-05-22,Техника звукового вещания и оповещения. Моск. техн. ун-т связи и информат.. М.,,,,,,,,,"{49.03.09,493.03.09.03}","{""Автоматика и радиотехника""}"
2174,03.08-20Е.24ДЕП,,русский,Россия,"Монография в рамках постнеклассической науки дает представление об эволюции ноосферы с позиций фундаментальных понятий: информация, взаимодействие, управление. Сформулированы законы развития (непрерывность, усложнение, борьба с неустойчивостью). Исследована взаимосвязь понятий информация, энтропия, флуктуации, порядок, хаос, квант. Показано, что управление, как природный феномен, сформировалось в сложных по структуре объекта в ходе эволюции Мира. Подчеркивается доминирующая роль цепных процессов в эволюции, являющихся главным механизмом направленного развития. Цепи взаимодействий, охвачены необратным связями, запускают коэволюцию косных форм материи и тупики развития исполняют роль депо для будущих эволюций. В монографии разрешаются многие дискуссионные вопросы ноосферогенеза (проблемы эволюционных переходов жизнь - нежизнь, инстинкт - разум, человек - животное и т. п.). Монография может быть использована как междисциплинарное учебное пособие для студентов -слушателей курсов: системный анализ, теория систем, философия, естествознание, управление, менеджмент",2003-08 EK11 БД ВИНИТИ,,,325,300,,,,"Ессентук. ин-т упр.. бизнеса и права. Ессентуки. 2002, 325 с., ил.. Библ. 300. Рус.. Деп. в ВИНИТИ 22.11.2002, N 2016-В2002",,,"{""законы развития"",Наука,ноосфера,Россия,сенергетика,теории}","{""Крайнюченко И В"",""Попов В П""}",2003-08-01,,8,f,2018-11-17 10:47:23.307556,,2016-В2002,2002-11-22,Ессентук. ин-т упр.. бизнеса и права. Ессентуки,,,,,,,,,"{26.21.51,261.21.51}","{""Экономика промышленности""}"
2367,03.05-15Г.189ДЕП,,русский,Россия,"Синтезирован алгоритм системы оптимального управления процессом выщелачивания Zn-огарков, функционирующий в условиях неполной информации об объекте управления. С учетом некоторых особенностей процесса, отражающих характер его протекания, характер возмущающих воздействий, а также характер получаемой в ходе процесса информации, данная задача решалась методами теории дуального управления. Определена оптимальная стратегия, структура и правила решения управляющего устройства, определяющего оптимальное управляющее воздействие и использующее для управления переменные, статистически связанные с выходным сигналом",2003-05 MT08 БД ВИНИТИ,,,11,5,,,,"Сев.-Кавказ. гос. технол. ун-т. Владикавказ. 2002, 11 с.. Библ. 5. Рус.. Деп. в ВИНИТИ 29.11.2002, N 2073-В2002",,,"{автоматизация,выщелачивание,огарки,Россия,Цинк}","{""Дюнова Д Н"",""Чурсалова С С""}",2003-05-01,,8,f,2018-11-17 10:47:25.067853,,2073-В2002,2002-11-29,Сев.-Кавказ. гос. технол. ун-т. Владикавказ,,,,,,,,,"{53.37.31,531.37.31.27.18}",{Металлургия}
2452,02.02-29Б.92ДЕП,,русский,Россия,"В асинхронных адресных системах связи (ААСС) возникает проблема ограничения числа активных абонентов внутрисистемными шумами. В качестве адреса в таких системах могут быть использованы шумоподобные сигналы (ШПС). ШПС каждого абонента имеют свои особенные и неповторимые адресные свойства и приемник может разделять информацию поступающую от разных абонентов. В результате абоненты могут одновременно передавать информацию и работать в одной полосе частот. Примером ААСС может служить обратный канал связи для стандарта IS-95. В качестве ШПС с этом стандарте используют М-последовательность. Макс. скорость передачи информации в стандарте 9.600 кбит/с, а ширина спектра сигнала составляет 1.2288 МГц. В результате макс. число активных абонентов составляет 13 чел. Рассматривается идея увеличения числа активных абонентов, не прибегая к увеличению ширины частотного спектра сигнала. Проведенные теор. исследования отображены в таблицах, а так же наглядно представлены графически",2002-02 AB14 БД ВИНИТИ,,,26-33,,,,,"Системы радиосвязи. Моск. техн. ун-т связи и информат.. М.. 2001, с. 26-33. Рус.. Деп. в ЦНТИ Информсвязь 22.05.2001, N 2198-св2001",,,"{""асинхронные адресные системы"",""использование радиоспектра"",""кодовое разделение каналов"",""многостанционный доступ"",Радиосвязь,""увеличение числа абонентов"",""шумоподобные сигналы""}","{""Гайдук И К"",""Сухорукова И Ю""}",2002-02-01,,3,f,2018-11-17 10:47:25.710161,,2198-св2001,2001-05-22,Системы радиосвязи. Моск. техн. ун-т связи и информат.. М.,,,,,,,,,"{49.43.29,493.43.29.41}","{""Автоматика и радиотехника""}"
2607,02.05-52.0170ДЕП,,русский,Россия,"Рассматривается задача однопозиционного гирокомпасирования. Она заключается в определении углового положения твердого тела (в конкретном случае - гироскопического инклинометра) относительно заданной базовой системы координат по информации о двух векторах: ускорения силы тяжести и угловой скорости вращения Земли. В отличие от классического решения, основанного на использовании углов Эйлера-Крылова, в настоящей работе в основу построения соответствующих алгоритмов положена одна из фундаментальных теорем теории кватернионов о возможности поставить в соответствие двум неколлинеарным векторам кватернион конечного поворота одного вектора до совпадения с другим.",2002-05 AC02 БД ВИНИТИ,,,5,3,,,,"Юж.-Урал. гос. ун-т. Челябинск. 2001, 5 с.. Библ. 3. Рус.. Деп. в ВИНИТИ 19.10.2001, N 2188-В2001",,,"{""гироскопические инклинометры"",Инклинометры,""параметры скважины"",""применение кватернионов. Депоненты""}","{""Бодунов С Б"",""Гинзбург Р Е"",""Лысов А Н""}",2002-05-01,,8,f,2018-11-17 10:47:26.983781,,2188-В2001,2001-10-19,Юж.-Урал. гос. ун-т. Челябинск,,,,,,,,,"{36.23.31,361.23.31.15.19}",{Астрономия}
2874,02.12-67А.34ДЕП,,русский,Россия,"Вопросы институционального оформления долговой политики остаются достаточно слабо исследованными в мировой экономической литературе. Тем не менее в практическом плане этот вопрос получил широкое развитие, намного обогнав теорию. Помимо традиционных подходов к вопросу управления госдолгом, когда эти функции возложены на министерство финансов или центробанк, с конца 1980-х годов получил развитие третий подход, предусматривающий делегирование полномочий по заимствованию независимым органам - агентствам по управлению государственным долгом. Основополагающей причиной выделения долгового управления в отдельную службу является в первую очередь наличие потенциального конфликта между задачами бюджетного финансирования, целями монетарной политики и собственно управлением госдолгом. В работе основной акцент делается на определение условий создания и рамок эффективной деятельности независимых структур управления государственным долгом. Предлагаемый теоретический подход к исследованию данного вопроса базируется на предположении, что долговые власти при проведении заимствований в виде облигаций сталкиваются с взаимоисключающими альтернативами. Увеличение объема выпуска облигации повышает ее ликвидность, что ведет к снижению расходов на обслуживание долга. Однако создание ликвидного выпуска требует времени и правительство не может внезапно менять характеристики выпускаемых бумаг в соответствии с текущей ситуацией. Существующие немногочисленные теоретические работы, позволяющие рассматривать эффективность различных моделей организации долгового управления, как правило игнорируют существование бюджетных ограничений, рассматривая только ""чистое"" управление долгом. Между тем для анализа подобных вопросов в приложении к развивающимся экономикам, в том числе российской, необходимо учитывать, что организация эффективной системы долгового управления должна сочетаться с острой потребностью в финансировании больших социальных обязательств, и, следовательно, бюджетные ограничения не могут игнорироваться. Для формализации предлагаемого подхода в работе была разработана экономико-математическая модель, предполагающая удовлетворение стратегических потребностей в долгах определенного типа с помощью двух близких по своим характеристикам облигаций. Рассматриваются два режима, отличающиеся предположениями относительно степени доверия инвесторов к долговой политике властей. В условиях симметрии информации, предполагаемой в модели, оптимальный результат для случая полного доверия при сравнительно большой потребности в заимствованиях оказывается ничем не лучше ситуации отсутствия доверия. В этом случае задача становится тривиальной: следует выпускать один наиболее дешевый с точки зрения средних издержек от потери гибкости инструмент. Однако при достаточно большой потребности бюджета в заимствованиях режим полного доверия оказывается строго предпочтительнее. Проблема заключается в отсутствии механизмов, обеспечивающих устойчивость этого режима. Существующие механизмы повышения доверия, включая создание репутации, основываются на предположении о возможности согласованных коллективных санкций со стороны всех инвесторов. Это допущение является достаточно сильным, к тому же в рамках рассматриваемого подхода репутационное равновесие оказывается все равно хуже случая полного доверия (кооперативного режима). Применительно к задаче организации системы управления госдолгом эта проблема может быть эффективно решена с помощью создания независимого долгового агентства. Предлагаемый подход основывается на том, что отношения правительства и агентства строятся на основе некоторого контракта, который обеспечивает достижение кооперативного режима. Такой контракт должен предусматривать прозрачную схему стимулирования менеджмента агентства. В условиях сравнительно небольшой потребности в заимствованиях, когда задача долговой политики становится тривиальной - покрыть весь необходимый объем долга с помощью одной наиболее дешевой бумаги, - государственная политика в области долгов не будет зависеть от степени доверия со стороны инвесторов. Соответственно, в этих условиях создание специализированного агентства оказывается по меньшей мере бесполезным. Напротив, в ситуации, когда требуется серьезная работа с долгами: большая накопленная долговая нагрузка, хронические дефициты бюджета, недостаток квалифицированного персонала и нехватка доверия со стороны инвесторов, - учреждение независимого агентства по управлению долгом становится единственно эффективным выходом",2002-12 EK07 БД ВИНИТИ,,,39,15,,,,"Ин-т фин. исслед.. М.. 2001, 39 с., ил.. Библ. 15. Рус.. Деп. в ВИНИТИ 19.10.2001, N 2185-В2001",,,"{""Государственное управление"",""государственный долг"",""институциональные аспекты"",""моделирование (экон.)"",Россия}","{""Вавилов А П"",""Ковалишин Е А""}",2002-12-01,,8,f,2018-11-17 10:47:28.917554,,2185-В2001,2001-10-19,Ин-т фин. исслед.. М.,,,,,,,,,"{82.13.27,821.13.27}","{""Экономика промышленности""}"
3332,01.04-04П1.42ДЕП,,русский,Россия,"Раскрываются понятия типологизации и классификации, которые используются при системном описаниях информации в педагогике и психологии. Дается определение базиса и показывается возможность применения математической теории групп при моделировании психолого-педагогических конструктов. Раскрываются преимущества ""факториальной"" (2, 6, 24, 120, ...) типологизации психолого-педагогической информации по сравнению с типологизацией, опирающейся на размерности 2, 4, 8, 16, 32, ...",2001-04 BI44 БД ВИНИТИ,,,14,4,,,,"Вологод. гос. техн. ун-т. Вологда. 2000, 14 с., ил.. Библ. 4 назв. назв. Рус.. Деп. в ВИНИТИ 28.07.00, N 2112-В00",,,"{""базисные описания"",классификация,""Математическая психология"",""психолого-педагогическая информация"",типологизация,""факториальные закономерности""}","{""Малышев К.Б""}",2001-04-01,,8,f,2018-11-17 10:47:32.215737,,2112-В00,0001-07-28 BC,Вологод. гос. техн. ун-т. Вологда,,,,,,,,,"{15.21.69,151.21.69.17}",{Биология}
3831,01.06-07А.39ДЕП,,русский,Россия,"Монография является первым в отечественной литературе изложением основных проблем многокритериального оценивания объектов географо-экологических исследований и их свойств с учетом моделирования дефицита информации на основе теории нечетких множеств. Рассматриваются теоретические и методологические основания и предпосылки создания методики многокритериального оценивания; методика многокритериального оценивания экологического состояния геосистем и урбасистем и устойчивости (уязвимости) геосистем к изменению параметров естественного и антропогенного режимов; опыт многокритериального оценивания. Приводятся критерии оценивания, квалиметрические шкалы, алфавиты классов, приоритеты оценивания. Изложенные подходы учитывают дефицит информации и мнения различных экспертов по приоритетности параметров оценивания природно-антропогенных систем или синтез информации о предпочтении объектов по совокупности оцениваемых параметров. Все методологические подходы иллюстрируются на конкретных примерах оценки географо-экологических ситуаций наземных, водных и урбанизированных систем",2001-06 GG11 БД ВИНИТИ,,,275,120,,,,"С.-Петербург. гос. ун-т. СПб. 2000, 275 с., ил.. Библ. 120. Рус.. Деп. в ВИНИТИ 01.09.2000, N 2342-В2000",,,"{""географо-экологические исследования"",Геосистемы,""методология. Россия"",""многокритериальная оценка"",урбосистемы}","{""Александрова Л В"",""Васильев В Ю"",""Дмитриев В В"",""Мякишева Н В"",""Огурцов А Н"",""Третьяков В Ю"",""Хованов Н В""}",2001-06-01,,8,f,2018-11-17 10:47:38.500949,,2342-В2000,2000-09-01,С.-Петербург. гос. ун-т. СПб,,,,,,,,,"{39.01.77,391.01.77}","{""Автоматика и радиотехника"",""Вычислительные науки"",География}"
10412,09.11-18Л.0298,,английский,США,"Изучен вклад электронов 3d-оболочки в потери энергии выше 100 кэВ протонами, рассеянными в направлении от поверхности Cu(111). Основанием для исследования была экспериментальная работа (S. Lederer et. al. ""Phys. Rev. A"", 2006, 73, 054901). Для описания процесса использован формализм кратных столкновений, где взаимодействие осколка с 3d-электронами описывалось последовательностью единичных событий с атомами, принадлежащими первому слою атомов. Чтобы сравнить теоретические потери энергии с экспериментом, добавлен вклад от валентных электронов, рассчитанный в теории линейного отклика с функцией отклика, которая включает информацию о структуре поверхностных зон. Для полноты, энергия, теряемая протонами, также рассчитывалась в модели желе, которая одинаково включает 3d и валентные электроны. Если в расчет включены 3d-электроны, то согласие расчета с экспериментом - хорошее. Библ. 14.     М. А. Бунин.",2009-11 FI02 БД ВИНИТИ,,,044901/1-044901/4,,,,,"Phys. Rev. A. 2007. 76, N 4, ч. B, с. 044901/1-044901/4. Англ.",76,4,"{""вклад 3d-оболочки в энергетические потери протона"",""поверхность Cu(111)"",""Рентгеновские спектры твердых тел"",""скользящее рассеяния от поверхности""}","{""Alducin M"",""Gravielle M S"",""Juaristi J I"",""Silkin V M""}",2009-11-01,,1,f,2018-11-17 10:48:49.677613,,,,,,,,,,,1050-2947,,"{29.31.21,291.31.21.21.15}",{Физика}
16779,01.07-24А.157,,английский,США,Предложен метод синтеза оптимизированных приемных устройств с извлечением информации непосредственно от элементов антенной системы. Метод синтеза основан на использовании известной матрицы ковариантности для каналов с замиранием. Описана теория оптимизированного разнесенного приема на основе подхода с использованием взвешенных сумм,2001-07 AB12 БД ВИНИТИ,,,648-658,26,,,,"IEEE Trans. Commun.. 2000. 48, N 4, с. 648-658, 8. Библ. 26. Англ.",48,4,"{""адаптивные решетки"",АР,""замирания каналов"",оптимизация,""приемные устройства""}","{""Aulin Tor M"",""Hansson Anders A""}",2001-07-01,,1,f,2018-11-17 10:49:56.119166,,,,,,,,,,,0090-6778,,"{47.45.29,473.45.29.09.03}","{""Автоматика и радиотехника""}"
17030,01.09-01А.29,,английский,Словения,"Рассматриваются вычислительные парадигмы оптоэлектроники для реализации широкого диапазона обработки цифровой информации. Излагаются теор. основы параллельного суммирования чисел в модифицированном четверично-кодированном виде и доказывается теорема о свободном переносе в процессе суммирования. Предлагается реализация параллельного сумматора модифицированных четверичных чисел на оптических ПЛМ, особенностью которого является высокое быстродействие. Описывается процесс вычислений со свободным переносом в предложенном сумматоре. Сообщается, что были проведены исследования эксперим. образца сумматора на оптических ПЛМ, при которых разрабатывались методы подавления влияния шумов и перекрестных помех",2001-09 AB01 БД ВИНИТИ,,,467-473,30,,,,"Informatica (Slovenia). 2000. 24, N 4, с. 467-473, 4. Библ. 30. Англ.",24,4,"{""оптоэлектронные элементы"",Сумматоры,""четверичные числа. ПЛМ""}","{""Abdul Ahad S Awwal"",""Howard E Michel"",""Oscar N Garcia"",""Shafiqul Khalid A T M"",""Syed M Munir""}",2001-09-01,,1,f,2018-11-17 10:49:57.81147,,,,,,,,,,,0350-5596,,"{50.09.29,501.09.29.07}","{""Автоматика и радиотехника""}"
17289,01.10-81.530,,японский,Япония,"Дается подробный анализ и проводится классификация колич. мер, используемых для выражения специфичности терминов в различных задачах классификации и информационного поиска. Предлагается новое мат. определение ""количества особенностей"" в качестве меры специфичности терминов в документах, базирующееся на статистической теории информации. Мера специфичности выражается через произведение частоты появления терминов и их информационной меры в документах, в которых они присутствуют. Доказывается, что предложенная мера имеет ту же интерпретацию, что и обычно используемые в современных ИПС меры вида tf×idf, и хорошо коррелирует с ними. Предлагаются формулы для практического вычисления количества особенности термина, применение которых иллюстрируется на большом числе примеров",2001-10 AB06 БД ВИНИТИ,,,3332-3343,40,,,4,"Joho shori gakkai ronbunshi=Trans. Inform. Process. Soc. Jap.. 2000. 41, N 12, с. 3332-3343, 3, 4 табл.. Библ. 40. Яп.; рез. англ.",41,12,"{Классификаторы,""количественные меры. ИПС""}","{""Aizawa Akiko""}",2001-10-01,,1,f,2018-11-17 10:49:59.816191,,,,,,,,,,,0387-5806,,"{82.15.13,823.15.13.07}","{""Автоматика и радиотехника"",""Экономика промышленности""}"
21171,16.08-04А3.247,,английский,США,"Получение контрастных изображений лазерных спеклов (КИЛС) является модальностью формирования изображений для мониторинга микрососудистого кровотока. В противоположность лазерной допплеровской флоуметрии (ЛДФ), КИЛС имеют преимущество изображения поверхностного кровотока, используя простое оборудование. Для количественного определения сходства между символическими последовательностями КИЛС и ЛДФ предложено использовать показатель, адаптированный из лингвистического анализа и теории информации, предложенный Янгом. Для этой цели одновременно записываются данные КИЛС и ЛДФ от предплечья здоровых субъектов в покое и в течение перекрытия кровотока (биологического нуля). Показано, что для КИЛС и ЛДФ данных существуют различные динамические картины, и различия определяются посредством изучаемых пространственных шкал. Количественная метрика обеспечивает получение новой информации от КИЛС и дает знания о связях между КИЛС и ЛДФ. Франция, Univ. d'Angers, Angers. E-mail: anne.humeau@univ_angers.fr",2016-08 BI38 БД ВИНИТИ,,,2311-2321,84,,,,"IEEE Trans. Med. Imag.. 2013. 32, N 12, с. 2311-2321. Библ. 84. Англ.",32,12,"{""контрастные изображения"",Кровоток,""флоуметрия лазерная допплеровская""}","{""Abraham Pierre"",""Humeau-Heurtier Anne"",""Mahe Guillaume""}",2016-08-01,,1,f,2018-11-17 10:50:41.844084,,,,,,,,,,,0278-0062,,"{34.57.23,341.57.23.25}",{Биология}
22554,16.05-01В.340,,английский,США,"Для распознавания лиц в сценариях видеонаблюдения необходимо повышение разрешения изображений. Здесь исследована проблема распознавания лиц при неуправляемых условиях, напр., при дистанционном видеонаблюдении, где возможно сильное снижение качества или размывание захваченных изображений или получение изображений низкого разрешения. Здесь представлены результаты исследований по недавно разработанной теории Сжатых Измерений (CS) для построения масштабируемых схем распознавания лиц с использованием переполненных словарей, позволяющих получать лицевые изображения сверхразрешения из любого входного некачественного лицевого изображения низкого разрешения. Показано, что детерминистические и недетерминистические словари, не использующие информации лицевых изображений, но удовлетворяющие некоторой форме Ограниченного Изометрического Свойства, используемого для Сжатых Измерений, обеспечивают достаточную или даже лучшую точность распознавания лиц.",2016-05 AB22 БД ВИНИТИ,,,87550P/1-87550P/11,,,,,"Proc. SPIE. 2013. 8755, с. 87550P/1-87550P/11. Англ.",8755,,"{обучение,""Распознавание лиц""}","{""Al-Hassan Nadia"",""Jassim Sabah A"",""Sellahewa Harin""}",2016-05-01,,1,f,2018-11-17 10:50:54.949656,,,,,,,,,,,0277-786X,,"{50.41.25,502.41.25.23}","{""Автоматика и радиотехника""}"
22754,16.06-01Б.153,,английский,США,"Технологические разбросы являются серьезной проблемой в проектировании надежных КМОП систем на базе смешанных сигналов с высоким выходом годных. Для минимизации отклонения в коэффициенте усиления напряжения, связанных с технологическими разбросами, напряжением питания и температурой, для типовых усилителей на основе транспроводимости предлагается новый метод компенсации на базе статистической ОС технологической информации. Разработана базовая теория и выполнена оценка ее эффективности для различных технологических аспектов. В качестве примера схема применена к двум известным топологиям усилителя в TSMC 65 нм КМОП технологии - индуктивный вырожденный маломощный усилитель (LNA) и усилитель с общим истоком (CSA). Результаты измерений на 100 чипах LNA показывают, что новый метод компенсации в 3,7 раз уменьшает разброс в коэффициенте усиления по сравнению с базовым вариантом.",2016-06 AB22 БД ВИНИТИ,,,1-12,30,,,,"IEEE Trans. Very Large Scale Integr. (VLSI) Syst.. 2014. 22, N 1, с. 1-12. Библ. 30. Англ.",22,1,"{ИС,КМОП,усилители}","{""Apsel Alyssa B"",""Gouveia-Filho Oscar C"",""Kramer Nicholas"",""Mukadam Mustansir Y"",""Zhang Xuan""}",2016-06-01,,1,f,2018-11-17 10:50:56.514248,,,,,,,,,,,1063-8210,,"{50.09.29,502.09.29.15}","{""Автоматика и радиотехника""}"
27094,16.07-17Г.152,,китайский,Китай,"Предложены процесс упрощенного расчета сложного механического оборудования, а также новый упрощенный метод расчета с помощью многоплатформенного программного обеспечения, основанные на модели непротиворечивости информации об этом оборудовании и общей технологии проектирования. Изучена теория нисходящего параметрического моделирования, глубоко базирующаяся на каркасной модели и разработанная с помощью технологии бесшовной интеграции многоплатформенного программного обеспечения, включая расчет технических характеристик, оптимизационный анализ, управление параметрической моделью, хранение конструктивных данных и планирование модели данных. На базе проведенного исследования построена программная архитектура упрощенного расчета. Разработана платформа для упрощенной оптимизации и расчета башенного крана. Завершен образец проектирования башни крана, у которого была существенно укорочена и упрощена расчетная схема. Также продемонстрирована рациональность и практичность использования данного метода.",2016-07 MH31 БД ВИНИТИ,,,48-55,,,,,"Hunan daxue xuebao. Ziran kexue ban=J. Hunan Univ. Natur. Sci.. 2016. 43, N 2, с. 48-55. Кит.; рез. англ.",43,2,"{""интеграция программных средств"",""Краны башенные"",""метод упрощенного расчета. Модели"",""оптимизационный расчет"",параметрические}","{""Ai Yan-di"",""Liu Zi-jian"",""Xu Xiao-liang"",""Zhang Kun-peng""}",2016-07-01,,1,f,2018-11-17 10:51:45.639768,,,,,,,,,,,1674-2974,,"{55.51.31,551.51.31.31.31}",{Машиностроение}
27232,15.03-01В.329,,английский,США,"Скрытая Марковская Модель (HMM) является популярной статистической моделью, использумой в случаях, где система включает не полностью наблюдаемые последовательности данных, напр., в распознавании временных шаблонов и обработке сигналов. Одной из проблем, связанной с HMM моделью, является обучающая процедура, или обучение параметров. Недостатком существующих методов решения этой проблемы является сходимость к локальному максимуму. С другой стороны, использование метода ансамбля, с применением множества моделей для получения целевой модели, приводит к обучению ансамбля в HMM задаче обучения. Здесь представлен новый метод обучения ансамбля для HMM моделей, который использует преимущества мер из теории информации, в частности Энтропии Реньи, и обеспечивает эффективное решение вышеуказанных проблем. На синтетических и реальных наборах данных продемонстрировано превосходство предлагаемого метода, требующего намного меньше обучающих выборок, над другими известными методами.",2015-03 AB22 БД ВИНИТИ,,,5767-5776,36,,,,"IEEE Trans. Signal Process.. 2013. 61, N 21-24, с. 5767-5776. Библ. 36. Англ.",61,21,"{обучение,""Скрытые марковские модели""}","{""Asadi Nazanin"",""Haghshenas Ehsan"",""Mirzaei Abdolreza""}",2015-03-01,,1,f,2018-11-17 10:51:47.39331,,,,,,,,,,,1053-587X,,"{50.41.25,502.41.25.23}","{""Автоматика и радиотехника""}"
27411,15.03-81.261,,английский,США,"Независимость случайных переменных является центральной темой в теории вероятности. Здесь исследована проблема оценки α-, β- и χ-коэффициентов смешивания между двумя случайными переменными, допускающая переменные в конечном множестве или множестве вещественных чисел. Для каждого случая явная формула замкнутого вида для β-коэффициентов смешивания уже известна. Поэтому данные исследования сфокусированы на α-коэффициенте смешивания и χ-коэффициенте смешивания, для случайных переменных, допускающих значения в конечном множестве. В случае α-коэффициентов смешивания показано, что пороговая оценка является NP-полной задачей, для которой определены эффективно вычисляемые верхние и нижние пределы. В случае χ-коэффициента смешивания получена точная формула замкнутого вида. Для каждого из трех типов коэффициентов смешивания доказана аналогия с неравенствами обработки данных в теории информации.",2015-03 AB06 БД ВИНИТИ,,,34-47,28,,,,"IEEE Trans. Autom. Contr.. 2014. 59, N 1, с. 34-47. Библ. 28. Англ.",59,1,"{""случайные переменные. Обработка данных"",""Теория вероятностей""}","{""Ahsen Mehmet Eren"",""Vidyasagar Mathukumalli""}",2015-03-01,,1,f,2018-11-17 10:51:48.913832,,,,,,,,,,,0018-9286,,"{28.29.51,282.29.51.05}","{""Автоматика и радиотехника""}"
28384,04.07-18А.0157,,английский,США,"Описана GPS, состоящая из 24 спутников Земли (по четыре спутника в каждой из шести различных плоскостей, наклоненных к плоскости экватора под углом 55°. Спутники вращаются по орбитам радиусом 20 000 км с периодом 11 ч 58 мин, причем расположены таким образом, что в любой момент из любой точки Земли можно наблюдать четыре из них над горизонтом. Каждый спутник снабжен высокоточными атомными часами и может передавать синхронные временные сигналы. Сигналы несут кодируемую информацию о времени передачи и положении спутника. Радиосигналы спутников GPS эффективно используются для точного определения местонахождения кораблей, самолетов, автомобилей и других средств передвижения. GPS снабжена устройствами самосинхронизации их работы и устройствами, учитывающими гравитационные и временные эффекты в соответствии с общей теорией относительности.     (Л. В. Чепель)",2004-07 FI20 БД ВИНИТИ,,,41-47,,,,,"Phys. Today. 2002. 55, N 5, с. 41-47. Англ.",55,5,"{""атомные часы"",""глобальная позиционная система (GPS)"",""Измерения времени"",радионавигация,""спутники (ИСЗ)"",""теория относительности""}","{""Ashby Neil""}",2004-07-01,,1,f,2018-11-17 10:51:57.973959,,,,,,,,,,,0031-9228,,"{29.03.19,291.03.19}",{Физика}
28688,15.10-04А3.506,,английский,Нидерланды,"Оптические методы позволяют получать изображения с высоким разрешением и контрастом, неинвазивно и бесконтактно. Биологические ткани являются мутной средой, сильно рассеивающей свет, ультраструктура некоторых тканей делает их в определенной степени анизотропными. Рассеяние и анизотропия влияют на поляризацию света. При некоторых патологиях изменяются эти характеристики ткани. Как следствие поляризованный свет может использоваться для получения дополнительной информации и обеспечивать диагностику. Рассмотрено применение теории групп для анализа поведения поляризации некоторых образцов. Испания, Univ. of Cantabria, Cantabria. E-mail:fanjulf@unican.es. Ил.4. Табл.1. Библ. 25",2015-10 BI38 БД ВИНИТИ,,,4525-4530,,,,,"Opt. Commun.. 2010. 283, N 22, с. 4525-4530. Англ.",283,22,"{""Биологические ткани"",изображение,обработка}","{""Arce-Diego Jose Luis"",""Fanjul-Velez Felix"",""Ortega-Quijano Noe""}",2015-10-01,,1,f,2018-11-17 10:52:00.338716,,,,,,,,,,,0030-4018,,"{34.05.25,341.05.25.15.09.13}",{Биология}
29117,15.11-04И10.255,,английский,США,"Дана оценка эффекта роли особи в конфликте (агрессор или жертва) и поведения при конфликте с физическим контактом или без на акустические параметры агонистических вокализаций (185 случаев) 15 паукообразных обезьян из двух групп, содержащихся в неволе. Результаты поддерживают прогнозы как мотивационно-структурных правил, так и мотивационную теорию. Частотные характеристики криков были понижены у агрессоров, а также в более серьезных конфликтах. Кроме того, усредненная энтропия была выше во время более серьезных конфликтов. Т.обр., агонистическая вокализация паукообразных обезьян несет в себе информацию о роли особи в конфликте (агрессор или жертва) и о серьезности самого конфликта",2015-11 BI51 БД ВИНИТИ,,,429-440,,,,,"Int. J. Primatol.. 2015. 36, N 2, с. 429-440. Англ.",36,2,"{""Ateles geoffroyi (Mamm.)"",""агонистическое поведение"",вокализация,Обезьяны,""роль особи в конфликте"",""серьезность конфликта""}","{""Arroyo-Rodriguez Victor"",""Dunn Jacob C"",""Marquez-Arias Alejandra"",""Mendez-Cardenas Maria G"",""Ordonez-Gomez Jose D"",""Santillan-Doherty Ana M""}",2015-11-01,,1,f,2018-11-17 10:52:03.901188,,,,,,,,,,,0164-0291,,"{34.33.27,341.33.27.21.25.29}",{Биология}
34262,15.06-24Г.95,,английский,США,"Показывается, что совместное оценивание нескольких акустических источников наряду с их гео-кинематической информацией может моделироваться методами теории случайных множеств",2015-06 AB11 БД ВИНИТИ,,,151-159,17,,,,"IEEE Syst. J.. 2014. 8, N 1, с. 151-159. Библ. 17. Англ.",8,1,"{""Акустические сигналы"",""слежение за источниками"",""совместное оценивание""}","{""Ali Andreas M"",""Hudson Ralph E"",""Yao Kung""}",2015-06-01,,1,f,2018-11-17 10:53:00.965382,,,,,,,,,,,1932-8184,,"{47.55.35,473.55.35.14}","{""Автоматика и радиотехника""}"
34299,15.06-29В.31,,английский,США,"Поиск схем, которые минимизируют энергию, связанную с передачей информации всегда был основным результатом в теории связи. Расширен фундаментальный предел для потребления энергии на единицу информации, который дан теорией Шеннона, до квантовой области. В отличии от ранее проведенных исследований рассмотрен сценарий, где сигналом можно управлять на произвольном маршруте в процессе распространения от передатчика к приемнику. Эта ситуация характеризует много реальных сценариев, например, многопролетные волоконно-оптические системы связи. Получен предельный квантовый лимит потребления энергии в этом сценарии и предложена простая бинарная схема модуляции энергии., которая достигает этого лимита.",2015-06 AB17 БД ВИНИТИ,,,1853-1860,,,,,"J. Lightwave Technol.. 2014. 32, N 10, с. 1853-1860. Англ.",32,10,"{""Волоконно-оптические системы связи"",""квантовые лимиты"",""потребление энергии"",схемы}","{""Antonelli C"",""Mecozzi A"",""Shtaif M"",""Winzer P J""}",2015-06-01,,1,f,2018-11-17 10:53:01.286047,,,,,,,,,,,0733-8724,,"{49.44.29,493.44.29.31.29}","{""Автоматика и радиотехника""}"
34369,15.07-01В.186,,английский,Великобритания,"Исследования, проведенные группами по проектированию глобальных систем, показывают, что доверие м.б. до некоторой степени транзитивным или импортироваться при определенных условиях. Здесь аргументировано, что доверие может распространяться между индивидуумами посредством инструментов и исследована возможность использования инструментов для поддержки развития доверия в таких группах и обеспечения распространения доверия. В частности, рассмотрена возможность использования существующих инструментов для поддержки развития доверия в таких группах и определена информация, необходимая для такого развертывания, а также показана полезность визуализации прошлого сотрудничества для развития доверия. Проведен опрос 71 частников из пяти многонациональных организаций. Представлены доказательства в поддержку теории распространяемого доверия и возможности применения инструментов для инициализации развития доверия.",2015-07 AB22 БД ВИНИТИ,,,309-320,,,,,"Inf. and Software Technol.. 2014. 56, N 3, с. 309-320. Англ.",56,3,"{""коллективные разработки"",Проектирование,""распространение доверия""}","{""Al-Ani Ban"",""Marczak Sabrina"",""Prikladnicki Rafael"",""Redmiles David""}",2015-07-01,,1,f,2018-11-17 10:53:02.157802,,,,,,,,,,,0950-5849,,"{50.41.25,502.41.25.05}","{""Автоматика и радиотехника""}"
37628,07.07-19Л.250,,английский,США,"Измерены переменнотоковые импедансные спектры симметричных элементов Pt/Ce<sub>0,9</sub>Gd<sub>0,1</sub>O<sub>1,95-δ</sub>/Pt на воздухе и в различных восстановит. атмосферах в интервале 250-650°C. Отклик электрода (Э) при восстановит. условиях показывает вклад, растянутый до очень низких частот, и, следовательно, большую кажущуюся емкость. Это обусловлено химич. диффузией в электролите, который становится смешанным ионно-электронным проводником при восстановит. условиях. Спектры интерпретированы количественно при использовании теории, разработанной Ямником и Мэйером, и лит. данных для нестехиометрич. химич. диффузии и ионной и электронной проводимости электролита. Результаты показывают, что м. б. сделаны ошибочные выводы относительно электрохимич. свойств Э (низкое зарядное сопротивление и сопротивление переноса, высокая емкость и ограничения транспорта газа) в восстановит. условиях, если используется станд. эквивалентная цепь для ионного электролита вместо надежного анализа. Результаты также выявляют условия, позволяющие получить полезную информацию об Э на основе данных импедансного спектра",2007-07 CH08 БД ВИНИТИ,,,E186-E193,13,,,,"J. Electrochem. Soc.. 2004. 151, N 5, с. E186-E193. Библ. 13. Англ.",151,5,"{""спектры переменнотоковые импедансные"",""Электролиты твердые"",""электронные ионные смешанные""}","{""Atkinson A"",""Baron S A"",""Brandon N P""}",2007-07-01,,1,f,2018-11-17 10:53:41.751743,,,,,,,,,,,0013-4651,,"{61.31.59,611.31.59.15}",{Химия}
37797,07.07-19Б3.286,,английский,Швейцария,"Путем сочетания двух методов (поляризационные кривые и электрохимическая импедансная спектроскопия) получена информация о взаимодействиях раствор/поверхность металла, происходящих в процессе Pd-P химического осаждения при равновесном потенциале на углеродистой стали. Поляризационные кривые показали, что реакция осаждения не подчиняется теории смешанного потенциала. В процессе осаждения происходит изменение лимитирующей стадии реакции. Величины, полученные для элементов эквивалентной цепи, которая соответствует пленки, позволяют характеризовать пленку как полупроводник. Это связано с присутствием инкорпорированного фосфора (~7%) в осадке в конце процесса осаждения",2007-07 CH16 БД ВИНИТИ,,,86-92,,,,,"J. Electroanal. Chem.. 2005. 581, N 1, с. 86-92. Англ.",581,1,"{Pd-P,малоуглеродистая,Осаждение,палладий,сталь,""фосфор. Подложки"",химическое,""электрохимическая импедансная спектроскопия""}","{""Abrantes Luisa M"",""De Robertis Eveline"",""Motheo Artur J"",""Neves Rodrigo S""}",2007-07-01,,1,f,2018-11-17 10:53:43.437309,,,,,,,,,,,0022-0728,,"{31.15.33,311.15.33.23}",{Химия}
41204,03.10-18В.0091,,английский,Япония,"Недавние эксперим. разработки дали богатую информацию о нестабильных ядрах, которые располагаются около линии срыва протона или нейтрона. Среди них наиболее типичным является ядро <sup>11</sup>Li , галоструктура которого объяснена через смесь (1s)<sup>2</sup>- и (0p)<sup>2</sup>-конфигураций двух валентных нейтронов. С теоретич. точки зрения механизм блокировки Паули, обусловленный появлением корреляций спаривания в <sup>9</sup>Li-остове, является хорошим кандидатом для объяснения такого вырождения s- и p-орбит в <sup>9</sup>Li+n. Среди многих эксперим. путей изучения природы <sup>10</sup>Li авторы фокусируют свое внимание на реакции развала нестабильного ядерного пучка <sup>11</sup>Li и развале изобар-аналогового состояния в <sup>11</sup>Be, т. к. эффект <sup>9</sup>Li-n-взаимодействия хорошо выражен в этих механизмах развала. В этой работе изучены s-волн. свойства <sup>10</sup>Li с помощью взаимодействия модели Паули-блокировки применением нескольких механизмов развала: двухшагового развала (на основе R-матричной теории) и модели участник-наблюдатель.",2003-10 FI06 БД ВИНИТИ,,,589-590,,,,,"Progr. Theor. Phys. Suppl.. 2002, N 146, с. 589-590. Англ.",,146,{NGPC},"{""Aoyama Shigeyoshi"",""Ikeda Kiyomi"",""Kato Kiyoshi"",""Masui Hiroshi"",""Myo Takayuki""}",2003-10-01,,1,f,2018-11-17 10:54:12.514438,,,,,,,,,,,0375-9687,,"{29.15.17,291.15.17.21.07}",{Физика}
45455,09.10-04И6.216,,английский,Германия,"""Подслушивание"" может быть определено как выделение нужной информации из контекста информационных взаимодействий между другими индивидами. Выдвинуто предположение, что облигатные гнездовые паразиты (ГП), постоянно откладывающие свои яйца в гнезда других видов птиц, могут ""подслушивать"" половые сигналы будущих гнездовых хозяев (ГХ) для обнаружения местоположения их гнезд с птенцами высокого качества. Различные вариации половых сигналов могут указывать на качество ГХ - будущих родителей, гнезда которых ГП могут избрать для откладывания паразитических яиц. Т. обр., ГП обеспечивают селекцию ГХ и выбирают наиболее подходящие для выращивания собственных птенцов. Существует теория, согласно которой ГП используют сигналы для локации потенциального ГХ независимо от качества сигнальщика. Также показано, что смягчение полоспецифичной окраски в популяциях ГХ находится под сильным давлением ГП. Испания, Dep. of Functional and Evolutionary Ecol., Estacion Experim. de Zonas Aridas, C. S. I. C., 04001 Almeria",2009-10 BI46 БД ВИНИТИ,,,81-88,,,,,"Anim. Cogn.. 2007. 10, N 2, с. 81-88. Англ.",10,2,"{""виды-гнездовые паразиты"",""качество гнездовых хозяев"",""поведение \""подслушивания\"""",""половые сигналы. Гнездовой паразитизм"",Птицы}","{""Aviles Jesus M"",""Parejo Deseada""}",2009-10-01,,1,f,2018-11-17 10:54:52.748351,,,,,,,,,,,1435-9448,,"{34.33.27,341.33.27.19.25.99}",{Биология}
47917,03.10-18Н.552,,английский,США,"Исследуются планарное фотонапряжение и фотолюминесценция последовательно выращиваемых квантовых ям Ga<sub>0,8</sub>In<sub>0,2</sub>As/GaAs и Ga<sub>0,8</sub>In<sub>0,2</sub>As<sub>0,985</sub>/GaAs. Зависимость фотонапряжения от температуры, интенсивности возбуждения, а также спектральная и временная зависимости дают информацию о центрах безызлучательной рекомбинации. Сравнение с теорией позволяет определить энергии активации ловушек и вероятность выброса захваченных фотоносителей. По данным фотолюминесценции можно определить эффективную массу электрона",2003-10 FI20 БД ВИНИТИ,,,2440-2448,32,,,,"J. Appl. Phys.. 2003. 93, N 5, с. 2440-2448. Библ. 32. Англ.",93,5,"{TQNCB,TQNKD,TQPA,TQYAH}","{""Arikan M C"",""Balkan N"",""Bedel E"",""Carrere H"",""Erol A"",""Fontaine C"",""Lacoste G"",""Marie X"",""Mazzucato S"",""Potter R J"",""Teke A""}",2003-10-01,,1,f,2018-11-17 10:55:22.218365,,,,,,,,,,,0021-8979,,"{29.19.31,291.19.31.46.21}",{Физика}
48029,08.10-01Б.168,,английский,США,Обсуждается реализация двух протоколов передачи данных - decode-and-forward (DF) и estimate-and-forward (EF). Стартовой точкой рассмотрения является схема случайного кодирования теории информации. Коды с низкой плотностью проверок на четность используются как компоненты в обоих протоколах. Эффективность каждой схемы сравнивается с теоретическим пределом,2008-10 AB22 БД ВИНИТИ,,,16-26,31,,9,,"IEEE Signal Process. Mag.. 2007. 24, N 5, с. 16-26, 9 ил.. Библ. 31. Англ.",24,5,"{Кодирование,схемы}","{""Aazhang Behnaam"",""Chakrabarti Arnab"",""Erkip Elza"",""Sabharwal Ashutosh""}",2008-10-01,,1,f,2018-11-17 10:55:23.602214,,,,,,,,,,,1053-5888,,"{50.33.03,502.33.03.15}","{""Автоматика и радиотехника"",""Вычислительные науки""}"
48255,08.11-81.385,,английский,Болгария,"Теория ожидаемой полезности представляет собой один их подходов к назначению и использованию качеств., концептуальной информации. Использование критериев ожидаемой полезности в комбинации с методом статистической информации позволяет получать системы с ожидаемыми свойствами",2008-11 AB06 БД ВИНИТИ,,,233-236,12,,7,,"International Conference ""Automatics and Informatics '06"", Sofia, Oct. 3-6, 2006: Proceedings. Sofia: Union Autom. and Inf.. 2006, с. 233-236, 7 ил.. Библ. 12. Англ.",,,"{""Аппроксимация. Оптимизация. Исследование операций""}","{""Andreev R"",""Pavlov Y"",""Terzieva V""}",2008-11-01,,4,f,2018-11-17 10:55:25.746435,,,,,,,,,,,,954-9641-48-1,"{28.29.01,282.29.01}","{""Автоматика и радиотехника""}"
48425,08.12-81.364,,английский,США,"Снижение уровня прибыли и диверсификация производства определяют необходимость тщательного анализа инвестиций и принятия решений, как необходимое условие выживания производства в современных конкурентных условиях. При этом должны учитываться как экономические критерии, так и стратегические, не являющиеся колич. по своей природе. Применение теории нечетких множеств позволяет вводить неквантифицируемую, неполную и частично известную информацию в модели решений. Предлагается использование аналитического иерархического процесса на базе нечеткого мультиатрибутного метода для оценки и обоснования современной производственной системы. Рассматривается пример станочного производства",2008-12 AB06 БД ВИНИТИ,,,1787-1794,,,,,"Expert Syst. Appl.. 2008. 34, N 3, с. 1787-1794. Англ.",34,3,"{""анализ инвестиций"",""Принятие решений"",""производственные системы""}","{""Aguilo Jose"",""Duran Orlando""}",2008-12-01,,1,f,2018-11-17 10:55:27.068784,,,,,,,,,,,0957-4174,,"{28.29.03,282.29.03}","{""Автоматика и радиотехника""}"
49895,11.06-04Ф1.2194,,английский,США,"Люди с РАС испытывают трудности в понимании невербальной речи др. людей, предоставляющей символическую информацию об отношениях между людьми. Изучали, отражают ли эти затруднения проблемы в идентификации единовременно возникающих стимулов разного уровня, или навыков, связанных с памятью, ассоциациями или умозаключениями. Сравнивали выполнение 4-х задач, оценивающих эти процессы, подростками с РАС, подростками с трудностями обучения и нормально развитыми подростками. Группа РАС показала затруднения в идентификации отношений, связанных с единовременно возникающими стимулами. Обсуждают результаты с точки зрения теории концептуального вычитания при РАС и роль процессов внимания в социальном когнитивном развитии. США, Univ. of Texas. E-mail:joshua.i.breifer@uth.tmc.edu",2011-06 MD00 БД ВИНИТИ,,,1723-1734,,,,,"J. Autism and Dev. Disorders. 2009. 39, N 12, с. 1723-1734. Англ.",39,12,"{внимание,""невербальная коммуникация"",""одновременно возникающие стимулы"",""подростковый возраст"",""Расстройства аутистического спектра""}","{""Ames Catherine S"",""Jarrold Chris""}",2011-06-01,,1,f,2018-11-17 10:55:44.630588,,,,,,,,,,,0162-3257,,"{15.31.31,151.31.31.17}","{Биология,Медицина}"
54897,10.02-04И6.22,,английский,Великобритания,"Определяли яркость цвета основанной на каротиноидах окраски оперения самцов зеленушки которым скармливали естественные корма с относительно высоким и низким содержанием лютеина (ЛВ и ЛН) во время ежегодной линьки. Сравнивали влияние эксперимента и общего физического состояния на контрастирующее ярко-желтое хвостовое пятно, желто-зеленую грудь и три более бледных, от желтого до оливково-зеленого, пятна на спине, темени и крестце. Независимо от метода анализа обнаружили постоянные и высокие эффекты диеты на блеск окраски хвоста, более слабые - на блеск оперения груди и незначительные - на другие три изученные части оперения; кроме того, только цвет перьев хвоста был тесно связан с циркулирующим (в плазме) лютином, также как и с общим физическим состоянием (массой тела, гематокритом). Т. обр., в соответствии с современной сигнальной теорией, ярко-желтое хвостовое пятно самцов зеленушки особенно хорошо адаптировано к сигнальной информации о потреблении каротиноидов и об общем физическом состоянии самцов время линьки. Германия, Max Planck Inst. for Ornithol., Radolfzell, 78315. E-mail: peters@orn.mpg.de",2010-02 BI46 БД ВИНИТИ,,,831-839,,,,,"Funct. Ecol.. 2008. 22, N 5, с. 831-839. Англ.",22,5,"{""каротиноиды. Зеленушка"",""Окраска оперения"",""самцы. Линька"",""сигнальные участки"",""яркость цвета""}","{""Andersson Staffan"",""Delhey Kaspar"",""Forschler Marc I"",""Peters Anne"",""van Noordwijk Hendrika""}",2010-02-01,,1,f,2018-11-17 10:56:30.697784,,,,,,,,,,,0269-8463,,"{34.33.27,341.33.27.19.15.43.17.17}",{Биология}
54995,11.05-93.584,,английский,Нидерланды,"В предложенном формализме представления неопределенной информации используется вспомогательная переменная X на области Ω, с помощью которой вместо анализа 2<sup>2<sup style=""font-size:90%"">Ω</sup></sup> вариантов можно перейти к анализу подмножеств 2<sup>Ω</sup>. Описана реализация теории Демпстера-Шафера на построенной решетке. Сложность по сравнению с однозначными переменными возрастает незначительно. Приведены примеры",2011-05 VN00 БД ВИНИТИ,,,479-499,,,,,"Artif. Intell.. 2010. 174, N 7-8, с. 479-499. Англ.",174,7,"{""Теория Дампстера-Шафера. Конъюнктивные знания""}","{""Abdallah Fahed"",""Denux Thierry"",""Younes Zoulficar""}",2011-05-01,,1,f,2018-11-17 10:56:31.8062,,,,,,,,,,,0004-3702,,"{28.23.13,289.23.13.21}","{""Вычислительные науки""}"
55457,10.02-24В.273,,английский,США,"Предлагается адаптируемая система поиска изображений по контенту, разработанная с использованием теории регуляризации, машин на базе ядра и информационной меры Фишера. Эта система состоит из подсистемы поиска, которая выполняет согласование изображений по подобию с использованием зависимой от изображений информации, несколько подсистем, которые адаптивно модифицируют меры подобия и механизм ОС по релевантности, учитывающий информацию от пользователя. Процесс адаптации управляет сходимостью ошибки поиска к нулю. Для улучшения выбора наиболее информативных изображений предлагается новый метод обучения на базе информации Фишера",2010-02 AB10 БД ВИНИТИ,,,1645-1659,32,,7,,"IEEE Trans. Image Process.. 2009. 18, N 7, с. 1645-1659, 7 ил.. Библ. 32. Англ.",18,7,"{""меры Фишера"",""Поиск изображений"",""поиск по контенту""}","{""Azimi-Sadjadi Mahmood R"",""Salazar Jaime"",""Srinivasan Saravanakumar""}",2010-02-01,,1,f,2018-11-17 10:56:35.97696,,,,,,,,,,,1057-7149,,"{47.51.39,473.51.39.15}","{""Автоматика и радиотехника""}"
55478,10.02-24Г.146,,английский,США,"Квантификация качества речевых сигналов традиционно проводится линейными методами, что имеет ряд недостатков. Предлагается квантифицировать качество записанных голосовых сигналов объективными нелинейными мерами. В этом контексте исследуется полезность шести нелинейных хаотических мер, которые базируются на теории нелинейной динамики при дискриминации между двумя уровнями голосового качества: здоровый голос и патологический. Исследуемыми мерами являются энтропии Рени первого и второго порядков, корреляционная энтропия и корреляционная размерность. Эти меры получаются из речевых сигналов в фазовом пространстве. Исследуются также величина первого минимума функции взаимной информации и величина энтропии Шеннона",2010-02 AB11 БД ВИНИТИ,,,1186-1195,49,,5,6,"IEEE Trans. Audio, Speech, and Lang. Process.. 2009. 17, N 6, с. 1186-1195, 5 ил., 6 табл.. Библ. 49. Англ.",17,6,"{""Голосовые сигналы"",""меры качества"",""нелинейные меры""}","{""Alonso Jesus B"",""Diaz-de-Maria Fernando"",""Ferrer Miguel A"",""Godino-Llorente Juan I"",""Henriquez Patricia"",""Travieso Carlos M""}",2010-02-01,,1,f,2018-11-17 10:56:36.168563,,,,,,,,,,,1558-7916,,"{47.55.35,473.55.35.19}","{""Автоматика и радиотехника""}"
58266,07.02-18В.0166,,английский,Нидерланды,"Дан обзор последних экспериментов по γ-спектроскопии Λ-гиперядер p-оболочки, выполненных при помощи германиевого детектора с большим аксептансом и высоким разрешением. Измерены энергии возбуждения состояний дублета в <sup>9</sup><sub>Λ</sub>Be, разность которых дает прямую информацию о спин-орбитальном взаимодействии Λ-гиперона, которое очень мало. Измерена энергия первого возбужденного состояния <sup>16</sup><sub>Λ</sub>O, что позволило определить величину тензорного ΛN-взаимодействия. Отсутствие γ-квантов от гиперядра <sup>10</sup><sub>Λ</sub>B свидетельствует либо о том, что энергия первого возбужденного состояния меньше 100 кэВ, либо о том, что спин основного состояния отличается от предсказанного теорией. Измерен также полный спектр гиперядра <sup>7</sup><sub>Λ</sub>Li и получены предварительные результаты для <sup>11</sup><sub>Λ</sub>B.     (Д. Е. Ланской)",2007-02 FI06 БД ВИНИТИ,,,58-69,,,,,"Nucl. Phys. A. E930('01), E509, E518 Collab.. 2005. 754, с. 58-69. Англ.",754,,"{""NCHM. NCWE. NKDKB. NEJY""}","{""Ajimura S"",""Akikawa H et al"",""Tamura H""}",2007-02-01,,1,f,2018-11-17 10:57:03.2806,,,,,,,,,,,0375-9474,,"{29.15.03,29.15.15,29.15.19,291.15.03.43.03,291.15.15.13.99,291.15.19.19.27.15}",{Физика}
65332,05.24-19И.126,,английский,США,"Продолжена работа по моделированию геометрии, капельного течения жидкости и перепада давления с целью изучения массопередачи в насадочных колоннах. На основе теории проникания и подробной информации о боковых и осевых изменениях геометрии насадки и гидродинамики, разработана прогнозирующая модель массопередачи в масштабе, гораздо меньшем, чем частицы насадки для случая произвольных заполнений, или каналы течения для случая структурированных насадок. Эксперименты по перегонке выполнялись для смесей метанол/2-пропанол и метанол/вода с металлическими кольцами Палла диаметром 16 мм. Модель обосновывалась при помощи экспериментальных результатов и ранее полученных данных на новых структурированных насадках из вертикальных листов. Выполнены имитации при равномерном и неравномерном начальных распределениях, которые обнаружили сильное влияние распределения потока жидкости на эффективность массопередачи в колоннах с насадкой",2005-24 CH04 БД ВИНИТИ,,,5373-5382,,,,,"Ind. and Eng. Chem. Res.. 2003. 42, N 21, с. 5373-5382. Англ.",42,21,"{""базирующееся на геометрических параметрах"",Массоперенос,""насадочные. Моделирование математическое"",""прогнозирование. Колонны""}","{""Afacan A"",""Chuang K T"",""Nandakumar K"",""Wen X""}",2010-12-01,,1,f,2018-11-17 10:58:13.936385,,,,,,,,,,,0888-5885,,"{61.13.19,611.13.19.24}",{Химия}
65865,01.07-93.341,,английский,Нидерланды,"Рассмотрена задача определения параметров в модели многокритериального принятия решений. Предложен подход к описанию словесной информации от пользователя, основанный на теории возможностей. Описан метод целевого программирования для поиска вектора решения, ближайшего к нечеткой цели. Представлена реализация метода; приведен пример ее работы",2001-07 VN00 БД ВИНИТИ,,,338-344,11,,,,"Eur. J. Oper. Res.. 1999. 119, N 2, с. 338-344. Библ. 11. Англ.",119,2,"{""Линейное программирование. Теория возможностей""}","{""Arenas Parra M"",""Bilbao Terol A"",""Rodriguez Uria M V""}",2001-07-01,,1,f,2018-11-17 10:58:17.893827,,,,,,,,,,,0377-2217,,"{28.25.23,289.25.23.47}","{""Вычислительные науки""}"
67126,04.11-04А1.44,,английский,Бельгия,"Рассматривается значение книги Тьюринга ""Химические основы морфогенеза"" (1952 г.) в свете современных знаний. Подчеркивается пионерное значение этой работы. Тьюринг разработал полную математическую модель процесса, основанную на механизмах реакции и диффузии в-в, вызывающих морфогенез. Но во многих отношениях его модель была несовершенной и биологически не адекватной, тем более, что к тому времени было накоплено мало молекулярной, биохимической и биологической информации по проблеме. Теория Тьюринга может быть важной и для др. областей биологии, напр., для изучения канцерогенеза или распространения эпидемий. Нидерланды, Biol. Publishing, P. O. Box 104, NL-7440 AC Nijverdal; e-mail: &lt;w.allaerts@planet.nl&gt;. Ил. 2. Библ. 38",2004-11 BI07 БД ВИНИТИ,,,3-14,,,,,"Belg. J. Zool.. 2003. 133, N 1, с. 3-14. Англ.",133,1,"{""Turing A. M."",Великобритания,математик,Персоналии,""химическая теория морфогенеза""}","{""Allaerts Wilfried""}",2004-11-01,,1,f,2018-11-17 10:58:28.422342,,,,,,,,,,,0777-6276,,"{34.01.09,341.01.09.09}",{Биология}
69589,03.04-10Б.134,,английский,Великобритания,"Приведен обзор настоящего состояния и развития теории и практики управления горным давлением и укрепления пачек пород при проходке горных выработок на угольных шахтах Великобритании. В частности, приведена краткая информации о выполнении компанией Instrumentation and Research at Rock Mechanics Technology исследований по темам: ""Расположение и крепление горных выработок вблизи старых выработанных пространств"" и ""Устойчивость долговременных горных выработок"". Состав работ по первой программе включал: обзор практики горных работ и случаев обрушений кровли в указанных условиях; измерение характеристик поведения пород кровли при системе выемки пласта обратных ходом с небольшими целиками между панелями и др. По второй программе основные направления исследований включали: разработку систем дистанционной регистрации для автоматического мониторинга деформаций горной выработки и передачи данных на поверхность; анализ данных с получением своевременной информации о необходимости ремонтных работ; разработку лабораторных средств испытания материалов для закрепления пачек пород и др",2003-04 GD06 БД ВИНИТИ,,,3-10,19,,9,,"Int. Mining and Miner.. 2001, N 48, с. 3-10, 9 ил.. Библ. 19. Англ.",,48,"{""Горное давление"",""совершенствование способов"",""управление кровлей""}","{""Arthur J"",""Bigby D N""}",2003-04-01,,1,f,2018-11-17 10:58:50.898605,,,,,,,,,,,1461-4715,,"{52.13.25,524.13.25.21}","{""Горное дело""}"
70081,05.02-19Б3.118,,английский,Великобритания,"Разработана теория фазового поля для описания нуклеации гидрата CO<sub>2</sub> в водных растворах. Точность модели продемонстрирована на модельной системе жестких сфер, для которых точно известна вся информация, необходимая для расчета высоты барьера нуклеации. Для того, чтобы обеспечить точные скорости преобразований для проверки разработанной модели применено получение изображение методом магнитного резонанса для регулирования фазовых переходов гидрата в пористых средах при реалистичных условиях. Приведены экспериментальные результаты для образования и диссоциации гидрата CO<sub>2</sub> в реальных пористых средах",2005-02 CH16 БД ВИНИТИ,,,2327-2334,41,,,,"Phys. Chem. Chem. Phys.. 2004. 6, N 9, с. 2327-2334. Библ. 41. Англ.",6,9,"{гидраты,""Зародышеобразование. Углерод диоксид"",""образование. Пористые материалы. Кинетика. Спектроскопия ЯМР"",твердые,""теория фазового поля""}","{""Aspenes E"",""Granasy L"",""Graue A"",""Kuznetsova T"",""Kvamme B"",""Pusztai T"",""Tegze G"",""Toth G""}",2005-02-01,,1,f,2018-11-17 10:58:55.415032,,,,,,,,,,,1463-9076,,"{31.15.25,311.15.25.33}",{Химия}
75347,13.06-04П1.172,,английский,Великобритания,"Процесс социально-когнитивного переноса может служить для формирования межличностного значения. Проведен обзор исследований реляционного ""Я"" в трансфере, рефреймированном в терминах конструирования значения, а также механизмов, посредством к-рых трансфер может служить этой функции. Согласно основной теории, знание, имеющееся у субъекта о каждом из ЗД, представлено в памяти и связано в памяти с различными реляционными ""Я"" через отношения с этими другими. Знание о ЗД может быть активизировано в межличностном контакте и используется при переносе вне информации, полученной о новом человеке, а также влияет на аффект, мотивацию и саморегуляцию (Андерсен, Глассман; 1996). Различия реляционного ""Я"" также возникают в ходе переноса, в зависимости от к-рого происходит триггер ЗД. Эти процессы наполняют межличностный контакт персонифицированным значением. Недавние данные свидетельствуют, что целостные системы значений, разделенные с ЗД, строятся в ходе межличностных отношений, вызваются и трансформируются в процессе переноса. США, New York Univ.. Библ. 58",2013-06 BI44 БД ВИНИТИ,,,746-759,,,,,"Soc. and Pers. Psychol. Compass. 2012. 6, N 10, с. 746-759. Англ.",6,10,"{""Значимый Другой"",личность,""межличностное значение"",""Межличностные отношения"",память,перенос,""реляционное \""Я\""""}","{""Andersen S.M"",""Przybylinski E""}",2013-06-01,,1,f,2018-11-17 10:59:50.082942,,,,,,,,,,,1751-9004,,"{15.41.43,151.41.43}",{Биология}
76080,03.16-19И.533,,английский,США,"Рассмотрена теория и практика процессов отбора и анализа проб летучих органических соединений, присутствующих в окружающей среде, с применением пассивных пробоотборных устройств. Представлена информация о проведенных экспериментальных исследованиях применения полупроницаемых мембран при анализе проб, содержащих летучие органические соединения (аналогов полихлорированных дифенилов, хлорбензолов, полициклических ароматических углеводородов и др. аналогичных химических соединений). Рассмотрено влияние температуры, скорости подачи измеряемой среды и степени ее турбулентности, гигроскопичности, а также др. факторов на процесс и эффективность проведения анализов. Отмечена возможность использования предложенной методики для оценки содержания компонентов в смеси с существенным различием гидрофобных свойств",2003-16 CH04 БД ВИНИТИ,,,85-91,25,,1,,"Environ. Sci. and Technol.. 2002. 36, N 1, с. 85-91, 1 ил.. Библ. 25. Англ.",36,1,"{""использование. Органические соединения"",""Окружающая среда анализ. Пробоотборники. Мембраны полупроницаемые"",определение}","{""Almeida Fernanda"",""Alvarez David A"",""Booij Kees"",""Clark Randal C"",""Cranor Walter L"",""Huckins James N"",""Lebo Ion A"",""Mogensen Betty B"",""Petty Jimmie D""}",2010-12-01,,1,f,2018-11-17 10:59:56.232653,,,,,,,,,,,0013-936X,,"{61.01.94,611.01.94}",{Химия}
77236,01.01-50.29,,английский,Великобритания,"Представлены новые теор. разработки по расчету спектра нейтронов реакции деления и значения среднего выхода нейтронов (ν<sub>pi</sub>), учитывающие множественность самой реакции деления, особенно в области высоких энергий. В модели, предложенной учеными Лос-Аламосской национальной лаборатории (США), используется информация о таких каналах реакции, как (n,f), (n,n'f), (n,2nf) и (n,3nf), о энергии осколках, о выходе фотонов и т. д. Обсуждаются результаты расчетов, выполненные для ядерной реакции деления на тепловых нейтронах (n+<sup>235</sup>V). Сравниваются спектры и выходы нейтронов, полученного по новой методике с опубликованными ранее. Сопоставление с эксперим. данными также свидетельствует о повышении точности расчета",2001-01 MH06 БД ВИНИТИ,,,1187-1197,17,,,2,"Ann. Nucl. Energy. 2000. 27, N 13, с. 1187-1197, 6, 2 табл.. Библ. 17. Англ.",27,13,"{""библ. 17"",выход,деление,""методы. Обзоры"",расчет,""реакция. Нейтроны"",""ЯР энергетические""}","{""Anabella T"",""Vladuca G""}",2001-01-01,,1,f,2018-11-17 11:00:06.545839,,,,,,,,,,,0306-4549,,"{58.33.05,582.33.05.27}",{Машиностроение}
77543,01.03-05А.140,,итальянский,Италия,"Глубокое исследование причин аварийности приводит к выводу о главенствующей роли ошибок, вызванных человеческим фактором. Определяющее влияние последнего стало основой для понятия эргономики, фокусирующей внимание на взаимодействии человека с управляемой им системой. Это сопровождается возрастающей ролью автоматизации на судах и соответствующим уменьшением численности экипажей. Если, управляя судном, оператор действует через разработанное без учета эргономики связующее устр-во (интерфейс) человек-судно, вероятность ошибок возрастает. В 1990-х гг. задача разработки, учитывающих эргономику интерфейсов человек-судно, активно решалась в Италии и на международном уровне. Фирмой CETENA (Италия) по этой теме с использованием методов виртуальной реальности разработаны 2 проекта постов управления на судах. Результатом стало появление средств контроля проекта ходового мостика на соответствие эргономическим стандартам, что было воплощено на практике, в т. ч. на быстроходных паромах, строящихся фирмой Fincantieri. Возможности применения виртуальной реальности вместо расчетной оценки интерфейсов дают более глубокое понимание о теории, получившей наименование познавательная технология, подводящей к возможности создания обучащихся механизмов. Более того, осуществлено машинное моделирование поведения человека и выполнены попытки сравнения эффективности информационного обмена, осуществляемого экраном компьютера, с временем и объемом информации, обрабатываемой человеком. Намечены планы разработок в этой области",2001-03 MH26 БД ВИНИТИ,,,82-83,,,,,"Tecnol. e trasp. mare. 1999. 30, N 3, с. 82-83, 2. Итал.; рез. англ.",30,3,"{""познавательные технологии"",""Судостроение. Эргономика. Системы управления""}","{""Attolini Roberto""}",2001-03-01,,1,f,2018-11-17 11:00:08.943673,,,,,,,,,,,0392-2294,,"{55.45.29,551.45.29.47.01}",{Машиностроение}
78523,05.01-08Д.40,550.83,английский,Нидерланды,"С использованием двумерной численной модели конечных элементов рассматривается поведение эллиптического включения, связанного с вязким скелетом породы. В процессе вычислений приняты различные отношения (S) между шириной области сдвига и наименьшей главной осью эллипса. Для больших значений S результаты вычислений хорошо согласуются с теорией, при малых величинах данного параметра отмечены существенные различия между предсказанием теории и данными моделирования, в то же время последние совпадают с результатами экспериментов. Показано, что представленная численная модель обеспечивает получение детальной информации о физических параметрах среды, в т. ч. давлений, деформаций и др., характеризующих изучаемый процесс ротации",2005-01 GL11 БД ВИНИТИ,,,127-137,22,,9,,"Tectonophysics. 2004. 379, N 1-4, с. 127-137, 9 ил.. Библ. 22. Англ.",379,1,"{""двумерная ротация жесткого эллипса"",""методология разведочной геофизики"",""Общие вопросы"",""ограниченная область сдвига"",теория}","{""Antunes J"",""Marques F O"",""Taborda R""}",2005-01-01,,1,f,2018-11-17 11:00:16.984768,,,,,,,,,,,0040-1951,,"{38.57.23,383.57.23.01}",{Геология}
80062,07.03-04Д6.10,,английский,США,"Предложили модель для исследования мутаций в последовательных прокариотической ДНК. С помощью этой модели можно развивать традиционные методы, вроде метода максимального правдоподобия, для компьютерной оценки филогенетических связей. Модель также используется для исследования широкомасштабных геномных изменений и развития методов теории информации, учитывающих эти большие изменения в определении филогенетических взаимосвязей. Австралия, Center for Biomed. Engineering and School of Electical and Electronic Engineering, The Univ. of Adelaide, A 5005. Библ. 34",2007-03 FB03 БД ВИНИТИ,,,192-200,,,,,"Proc. SPIE. 2003. 5110, с. 192-200. Англ.",5110,,"{""компьютерная оценка. Escherichia coli (Bact.)"",""метод максимального правдоподобия"",""мультифакторная классификация. Методы"",прокариоты,""стохастическая эволюция"",""филогенетические связи"",Эволюция}","{""Abbott Derek"",""Allison Andrew"",""Berryman Matthew J""}",2007-03-01,,1,f,2018-11-17 11:00:30.876892,,,,,,,,,,,0277-786X,,"{34.15.05,343.15.05.09}","{""Физико-химическая биология и биотехнология""}"
81586,10.05-08А.250,[551.24.03:551.222](468.5),английский,Великобритания,"Теор. модель, предсказывающая как анизотропия магнитной восприимчивости (AMS) и пузырьковая структура модифицируются скалывающим напряжением, были решена для стенок вертикальных даек до окончательного охлаждения магмы. Интерпретация AMS и пузырьковой структуры для четырех даек района показало удовлетворительное соответствие предположенным теор. моделям. Сделано предположение, что асимметричность структур может быть ценной информацией для оценки деформации скалывания, действующей на стенки дайки во врем внедрения",2010-05 GL01 БД ВИНИТИ,,,1931-1942,,,,,"J. Struct. Geol.. 2007. 29, N 12, с. 1931-1942. Англ.",29,12,"{""анизотропия магнитной восприимчивости"",""асимметрия. Канарские острова тектоника"",""внедрение дайки"",""остывание магмы"",""скалывающее напряжение"",""Структурная геология тектонофизика""}","{""Amoros Elisabet Beamud"",""Clemente Carles Soriano"",""Crespo Miguel Garces""}",2010-05-01,,1,f,2018-11-17 11:00:44.597719,,,,,,,,,,,0191-8141,,"{38.17.19,383.17.19.15}",{Геология}
84246,02.02-06Б.13,,английский,Великобритания,"В общих чертах изложены способы изображения пространства, использующие 3 структуры, базирующиеся на упорядочении Мортона во избежание использования указателей. Эта приближенная пространственная информация организована в такой иерархической форме, дающей возможность компромисса между скоростью доступа в пространственную базу данных и разрешением пространственной информации, полученной из дерева (в теории графов). Разработана совокупность доступных алгоритмов в базе данных, формирующая основу выделения траектории при управлении полетом в реальном режиме времени. Приведены некоторые примеры, иллюстрирующие применение алгоритмов выбора маршрута, разработанных в статье",2002-02 TR20 БД ВИНИТИ,,,483-498,25,,,,"J. Navig.. 2000. 53, N 3, с. 483-498, 12. Библ. 25. Англ.",53,3,"{""планирование траектории полета. Алгоритмы"",""Системы навигации""}","{""Allerton D J"",""Gia M C""}",2002-02-01,,1,f,2018-11-17 11:01:08.818577,,,,,,,,,,,0373-4633,,"{73.37.11,733.37.11.15.05}",{Транспорт}
87139,13.06-59.45,,английский,Великобритания,"Статья является обзором литературы, имеющим целью выяснить, можно ли сопоставлять процесс построения таксономии знаний с процессом научного поиска с точки зрения объективности и субъективности. Указано, что требования к объективности в науке существенно отличаются от требований объективности при построении таксономий для представления знаний, однако достижение согласия между специалистами необходимо в обоих случаях. Последнее служит основанием разработки теорий объективности и субъективности по концепции Х. Лонгино (Helen Longino) для приложения этих теорий к процессу построения таксономий. Подчеркивается, что объективность и субъективность как факторы важны для специалистов, создающих таксономическое представление знаний и информации, в т. ч. с точки зрения полезности и доступности таксономических систем. Указано, что социология науки предоставляет рамочные концепции, которые можно адаптировать для выработки методов оценивания субъективности и объективности таксономий.",2013-06 IN00 БД ВИНИТИ,,,725-743,122,,,,"J. Doc.. 2012. 68, N 5, с. 725-743. Библ. 122. Англ.",68,5,"{""библ. 122"",обзоры,""оценивание объективности"",""оценивание субъективности"",""построение таксономий"",""Представление знаний""}","{""Alexander Fran""}",2013-06-01,,1,f,2018-11-17 11:01:36.832432,,,,,,,,,,,0022-0418,,"{20.01.07,201.01.07.08.05}",{Информатика}
87144,13.06-59.347,[025.4.03:002-052]:004,английский,США,"Предложена теоретическая модель поведения при информационном поиске дистанционных студентов-выпускников. Качественная методика, использованная при сборе данных для создания модели, включала электронный опрос и полуструктурированные интервью, проведенные онлайн с использованием Adobe Connect Pro<sup>TM</sup>. В результате эволюции теоретическая модель включает два новых типа информационного поиска: прямой, динамический (scrutinizing) и косвенный, динамический (being alert). Сделано заключение, что сущность информационного поиска дистанционных студентов состоит в сборе и обработке информации людьми с использованием компьютерных технологий и влияния на человеческий мозг. Исследование показало необходимость объединения исследования о информационном поиске дистанционных студентов-выпускников с психологической теорией для изучения причин различного информационного поведения дистанционных студентов",2013-06 IN00 БД ВИНИТИ,,,265-283,25,,2,3,"J. Libr. and Inf. Serv. Distance Learn.. 2012. 6, N 3-4, с. 265-283, 2 ил., 3 табл.. Библ. 25. Англ.",6,3,"{""дистанционные студенты"",""Информационный поиск"",поведение,""теоретическая модель. Информационная грамотность""}","{""Algarni Mohammed"",""Blackburn Heidi"",""Diller Karen"",""Dow Mirah J"",""Hellett Karen"",""Musa Abdullahi"",""Polepeddi Padma"",""Schwartz Brian"",""Summey Terri"",""Valenti Sandra""}",2013-06-01,,1,f,2018-11-17 11:01:36.872553,,,,,,,,,,,1533-290X,,"{20.51.17,201.51.17}",{Информатика}
87464,12.11-19Б2.653,,английский,Нидерланды,"Для исследования связывания между молекулами жидкой воды в условиях притяжения сформулированы последовательности правила сумм с помощью компьютерного метода, разработанного в соответствии с молекулярной теорией среднего поля. Рассчитаны отклонения от среднего поля. Информацию о свойствах жидкости сравнивали с полученной экспериментально, моделированием по методу Монте-Карло и методом молекулярной динамики. Показано, что кулоновские взаимодействия дальнего порядка оказывают незначит. влияние на результаты исследований.",2012-11 CH15 БД ВИНИТИ,,,439-455,,,,,"Physica. A. 2012. 391, N 3, с. 439-455. Англ.",391,3,"{Вода,""теория среднего поля""}","{""Anishetty Ramesh"",""Kanth Jampa Maruthi Pradeep""}",2012-11-01,,1,f,2018-11-17 11:01:40.192674,,,,,,,,,,,0378-4371,,"{31.15.21,311.15.21.17}",{Химия}
88732,04.07-09А.18,,английский,США,"Если наблюдать фраунгоферовы линии в спектре не прямой солнечной, а рассеянной радиации, то они оказываются менее глубокими, что было впервые замечено по данным наблюдений яркости неба в Н-линии Call (на длине волны 396,8 нм) и определяется в настоящее время как ""эффект кольца"" (ЭК). Было обнаружено также, что степень линейно поляризации в интервалах сильных фраунгоферовых линий ниже, чем в окружающем континууме. Ранее были предложены различные объяснения физической природы ЭК как связанной, в частности, с влиянием аэрозольной флуоресценции, свечения атмосферы и отражения подстилающей поверхностью. К настоящему времени достаточно надежно установлено, однако, что главной причиной ЭК является вращательное рамановское рассеяние (ВРР) содержащимися в атмосфере молекулами. ВРР представляет собой неупругий процесс: происходит смещение длины волны рассеянного света по сравнению с падающей прямой солнечной радиацией. С учетом процесса неупругое рассеяния ЭК может быть объяснен тем, что в спектральных интервалах, содержащих фраунгоферовы линии, световой поток, длина волны которого смещается из области континуума в интервал линии, значительно превосходит масштабы трансформации в обратном направлении. Поэтому франгоферовы линии в рассеянном свете оказываются ""заполненными"". Анализ данных наблюдений подтвердил обоснованность такого рода интерпретации. Поскольку информация об интенсивности и изменчивости ""эффекта кольца"" представляет интерес для решения многих задач дистанционного зондирования атмосферы, включая восстановление содержания малых газовых компонентов в атмосфере, предпринят анализ наблюдаемых спектров поляризации безоблачного неба в зените. Рассмотрение спектров в интервале длин волн 350-400 нм выявило наличие тонкой структуры, совпадающей с фраунгоферовыми линиями в спектре прямой солнечной радиации (""эффект кольца""). Данные наблюдений свидетельствуют о том, что интенсивность проявления тонкой структуры спектра зависит не только от зенитного угла Солнца, но и от атмосферных условий, в особенности от содержания аэрозоля в атмосфере. Если использовать алгоритм теории переноса излучения с учетом ВРР (в рамках приближения первичного и вторичного рассеяния) при наличии атмосферного аэрозоля, то возможно вполне адекватное воспроизведение наблюдаемой в спектрах поляризации света неба тонкой структуры и ее угловой зависимости. Приведено детальное описание этого алгоритма и обсуждены перспективы его совершенствования",2004-07 GF01 БД ВИНИТИ,,,AAC1/15-AAC1/15,39,,9,,"J. Geophys. Res. D. 2002. 107, N 20, с. AAC1/15-AAC1/15, 9 ил.. Библ. 39. Англ.",107,20,"{""библ. 39"",""Оптика атмосферы"",""поляризация света"",""спектры. Методы измерений. Обзоры""}","{""Aben I"",""Helderman F"",""Stam D M""}",2004-07-01,,1,f,2018-11-17 11:01:52.175555,,,,,,,,,,,0148-0227,,"{37.15.03,372.15.03.17}",{Геофизика}
91387,07.09-18В.0345,,английский,Нидерланды,"Безопасная конструкция для быстрых реакторов-размножителей (FBR) требует поставарийного удаления тепла при любой аварии потенциального разрушения активной зоны. Важно гарантировать, что расплавленный материал зоны затвердевает в Na-теплоносителе в реакторном сосуде, даже если все материалы зоны расплавлены. В приведенном эксперименте расплавленный материал был инжектирован в воду для получения экспериментально информации по входящей струе расплавленного материала в теплоноситель и по его фрагментации. Визуальная информация была получена с помощью высокоскоростной видеокамеры, показав, что поведение фрагментации на боку струи отличалось от поведения на фронтальной части струи и что диаметр сопла инжекции значительно влияет на длину развала струи, в то время как температура струи и температура теплоносителя не влияют на нее. Сравнение диаметров фрагментов затвердевшего расплавленного материала, полученных с помощью теории фрагментации, показывает, что средний диаметр фрагментов находится между критич. теорией чисел Вебера и самой нестабильной длиной волны теории нестабильности поверхностных волн на поверхности раздела газ-жидкость. Поведение охлаждения расплавленной струи в теплоносителе было вычислено для FBR-условий с использованием модели, которая отражает истинное фрагментационное поведение. Выяснено, что масса расплавленного материала в бассейне теплоносителя связана с диаметром фрагмента в условиях FBR.",2007-09 FI06 БД ВИНИТИ,,,1668-1681,,,,,"Nucl. Eng. and Des.. 2006. 236, N 14-16, с. 1668-1681. Англ.",236,14,"{""PKP. PKNG""}","{""Abe Yutaka"",""Arai Takahiro"",""Chitose Keiko"",""Itoh Kazuhiro"",""Koyama Kazuya"",""Matsuo Eiji"",""Nariai Hideki""}",2007-09-01,,1,f,2018-11-17 11:02:18.336215,,,,,,,,,,,0029-5493,,"{29.15.53,291.15.53.25.29}",{Физика}
91817,08.11-19С.130,,английский,США,"Представлены эксперим. и теор. исследования ансамбля замещенных на концах олиготиофенов на ПВ с разными полярностями (напр., слюды и графита). Исследования методом сканирующей зондовой микроскопии отложений подмонослоев указывают на разные типы структур (одномерных фибрилл, двумерных регулярных слоев и монослоев) в зависимости от природы концевых групп и субстрата. Методом молекулярного моделирования с атомистич. подходом рассмотрены взаимодействия между молекулой-молекулой (и сегментом-сегментом) и молекулой и субстратом и их влияния на наблюдаемые морфологии и конфигурацию штабелирования. Полученная информация пригодна для контроля структурного упорядочения в тонких слоях тиофеновых олигомеров для применения в полевом транзисторе",2008-11 CH17 БД ВИНИТИ,,,7898-7908,,,,,"J. Phys. Chem. B. 2006. 110, N 15, с. 7898-7908. Англ.",110,15,"{""ансамбли. Поверхности"",""Межмолекулярное взаимодействие"",молекула-молекула,""молекула-сорбат. Олигомеры"",тиофен}","{""Abdel-Mottaled Mohamed M S"",""De Feyter Steven"",""De Schryver Frans C"",""Feast W James"",""Henze Oliver"",""Lazzaroni Roberto"",""Leclere Philippe"",""Surin Mathieu""}",2008-11-01,,1,f,2018-11-17 11:02:21.818426,,,,,,,,,,,1520-6106,,"{31.25.15,311.25.15.17}",{Химия}
93600,16.05-72.687,,английский,США,"Связь между фрагментированными участками биотопов давно признана важной для сохранения сильно модифицированных ландшафтов. Рассмотрено выделение приоритетных с точки зрения экол. связности биотопов, показано применение теории графов для обеспечения полезной информацией по экол. связности. Несмотря на большое число показателей по связям, лишь немногие из них сравнивали с точки зрения важности для узлов сети. Цель исследования - определить новый набор показателей и сравнить их с традиционными графовыми показателями, используемыми в приоритизации биотопов по экол. связности. Измеренные показатели включали топологические, экол. и интегрированные показатели. Последние представляют сочетание топологических и экол. показателей. Восемь показателей применялись к сети биотопов толстохвостой сумчатой землеройки, обитающей на территории Б. Мельбурна, Австралия. Была разработана ненаправленная сеть, в которой узлы были связаны с соседними узлами. Эти связи затем оценивались по эффективному расстоянию между участками. Применив каждый из восьми показателей к исследуемой сети, ранжировали узлы в соответствии с их вкладом в связность сети. Структурированное сравнение показало сходство и различия в том, как биотопы землеройки ранжировались на основе различных категорий показателей. Из-за различий в том, как действуют разные показатели, должен быть выбран подходящий, который отвечает целям, поставленным лицами, принимающими решения.",2016-05 OC01 БД ВИНИТИ,,,664-674,,,,,"Environ. Manag.. 2015. 56, N 3, с. 664-674. Англ.",56,3,"{Биотопы,городские,ранжирование,""сумчатая землеройка. Австралия"",""экологические связи""}","{""Arrowsmith Colin"",""Fraser David"",""Gordon Ascelin"",""Poodat Fatemeh""}",2016-05-01,,1,f,2018-11-17 11:02:37.177864,,,,,,,,,,,0364-152X,,"{87.27.02,873.27.02}","{""Охрана окружающей среды""}"
96537,01.18-19С.1,,английский,Япония,"Теория молекулярных орбиталей Хюккеля основывается на том, что π электрон движется в среднем поле потенциалов от π или σ электронов к ядру, а энергия отталкивания ядро-ядро во внимание не принимается. Странным св-вом энергии Хюккеля является линейная аддитивность к этиленовому звену в полиене. На основании молекулярной вириальной теоремы и ранее установленного факта того, что энергия Хюккеля представляет собой кинетич. энергию π электронов (T<sub>π</sub>), проблема линейности сводится к двум моментам, а именно, почему отношение T<sub>π</sub> к общей кинетич. энергии (T) постоянно у линейных полиенов и почему T линейно по отношению к этиленовому звену. Вторая проблема решалась с помощью предложенного подхода. Установлено, что общие атомные взаимодействия локализованы в области между соседними атомами, несмотря на сильные взаимодействия дальнего порядка индивидуального терма потенциальной энергии. Если принять, что T<sub>π</sub>/T постоянно, загадка почему T<sub>π</sub> или энергия Хюккеля несет информацию о ядерной конфигурации также может быть понята с помощью вириальной теоремы",2001-18 CH17 БД ВИНИТИ,,,955-961,,,,,"Bull. Chem. Soc. Jap.. 1999. 72, N 5, с. 955-961. Англ.",72,5,"{""аддитивность π-энергии"",""Полиены. Электронное строение. Квантовохимический расчет""}","{""Aihara Jun'ichi"",""Ichikawa Hiroshi"",""Kagawa Hirotaka"",""Yoshida Atsushi""}",2010-12-01,,1,f,2018-11-17 11:03:03.04809,,,,,,,,,,,0009-2673,,"{31.25.15,311.25.15.15}",{Химия}
